DELETE FROM plan;
DELETE FROM course_offering_rules;
DELETE FROM prerequisites;
DELETE FROM courses;

INSERT INTO courses (id, name, credits, department) VALUES
  ('cosi10a',  'Introduction to Problem Solving in Python', 4, 'COSI'),
  ('cosi12b',  'Advanced Programming Techniques in Java', 4, 'COSI'),
  ('cosi21a',  'Data Structures and the Fundamentals of Computing', 4, 'COSI'),
  ('cosi29a',  'Discrete Structures', 4, 'COSI'),
  ('cosi101a', 'Fundamentals of Artificial Intelligence', 4, 'COSI'),
  ('cosi103a', 'Fundamentals of Software Engineering', 4, 'COSI'),
  ('cosi104a', 'Introduction to Machine Learning', 4, 'COSI'),
  ('cosi106b', 'Automation in Software Development', 4, 'COSI'),
  ('cosi107a', 'Introduction to Computer Security', 4, 'COSI'),
  ('cosi112a', 'Modal, Temporal, and Spatial Logic for Language', 4, 'COSI'),
  ('cosi114a', 'Fundamentals of Natural Language Processing I', 4, 'COSI'),
  ('cosi115b', 'Fundamentals of Natural Language Processing II', 4, 'COSI'),
  ('cosi116a', 'Information Visualization', 4, 'COSI'),
  ('cosi119a', 'Autonomous Robotics', 4, 'COSI'),
  ('cosi120a', 'Topics in Computer Systems', 4, 'COSI'),
  ('cosi121b', 'Structure and Interpretation of Computer Programs', 4, 'COSI'),
  ('cosi123a', 'Statistical Machine Learning', 4, 'COSI'),
  ('cosi124a', 'Information Extraction in Natural Language Processing', 4, 'COSI'),
  ('cosi125a', 'Human-Computer Interaction', 4, 'COSI'),
  ('cosi126a', 'Unsupervised Learning and Data Mining', 4, 'COSI'),
  ('cosi127b', 'Database Management Systems', 4, 'COSI'),
  ('cosi128a', 'Introduction to Computer Networking', 4, 'COSI'),
  ('cosi130a', 'Introduction to the Theory of Computation', 4, 'COSI'),
  ('cosi131a', 'Fundamentals of Computer Systems', 4, 'COSI'),
  ('cosi132a', 'Information Retrieval', 4, 'COSI'),
  ('cosi135b', 'Computational Semantics', 4, 'COSI'),
  ('cosi136a', 'Automatic Speech Recognition', 4, 'COSI'),
  ('cosi138a', 'Computational Linguistics Second Year Seminar', 4, 'COSI'),
  ('cosi141a', 'System and Network Security', 4, 'COSI'),
  ('cosi142a', 'Embedded Systems Development', 4, 'COSI'),
  ('cosi143b', 'Data Management for Data Science', 4, 'COSI'),
  ('cosi144b', 'Advanced Topics in Security and Privacy', 4, 'COSI'),
  ('cosi146a', 'Principles of Computer System Design', 4, 'COSI'),
  ('cosi147a', 'Distributed Systems', 4, 'COSI'),
  ('cosi149b', 'Practical Machine Learning with Big Data', 4, 'COSI'),
  ('cosi150a', 'Compiler Design', 4, 'COSI'),
  ('cosi152a', 'Web Application Development', 4, 'COSI'),
  ('cosi153a', 'Mobile and Web Development', 4, 'COSI'),
  ('cosi159a', 'Computer Vision', 4, 'COSI'),
  ('cosi165b', 'Deep Learning', 4, 'COSI'),
  ('cosi166b', 'Capstone Project for Software Engineering', 4, 'COSI'),
  ('cosi167a', 'Advanced Data Systems', 4, 'COSI'),
  ('cosi180a', 'Algorithms', 4, 'COSI'),
  ('cosi190a', 'Introduction to Programming Language Theory', 4, 'COSI');

INSERT INTO course_offering_rules (course_id, frequency, source_note) VALUES
  ('cosi10a',  'every_semester', 'Usually offered every semester.'),
  ('cosi12b',  'every_year', 'Usually offered every year.'),
  ('cosi21a',  'every_year', 'Usually offered every year.'),
  ('cosi29a',  'every_year', 'Usually offered every year.'),
  ('cosi101a', 'every_year', 'Usually offered every year.'),
  ('cosi103a', 'every_year', 'Usually offered every year.'),
  ('cosi104a', 'every_year', 'Usually offered every year.'),
  ('cosi106b', 'every_year', 'Usually offered every year.'),
  ('cosi107a', 'every_year', 'Usually offered every year.'),
  ('cosi112a', 'every_second_year', 'Usually offered every second year.'),
  ('cosi114a', 'every_year', 'Usually offered every year.'),
  ('cosi115b', 'every_year', 'Usually offered every year.'),
  ('cosi116a', 'every_year', 'Usually offered every year.'),
  ('cosi119a', 'every_year', 'Usually offered every year.'),
  ('cosi120a', 'every_third_year', 'Usually offered every third year.'),
  ('cosi121b', 'every_year', 'Usually offered every year.'),
  ('cosi123a', 'every_year', 'Usually offered every year.'),
  ('cosi124a', 'every_second_year', 'Usually offered every second year.'),
  ('cosi125a', 'every_second_year', 'Usually offered every second year.'),
  ('cosi126a', 'every_second_year', 'Usually offered every second year.'),
  ('cosi127b', 'every_second_year', 'Usually offered every second year.'),
  ('cosi128a', 'every_year', 'Usually offered every year.'),
  ('cosi130a', 'every_year', 'Usually offered every year.'),
  ('cosi131a', 'every_year', 'Usually offered every year.'),
  ('cosi132a', 'every_year', 'Usually offered every year.'),
  ('cosi135b', 'every_second_year', 'Usually offered every second year.'),
  ('cosi136a', 'every_year', 'Usually offered every year.'),
  ('cosi138a', 'every_year', 'Usually offered every year.'),
  ('cosi141a', 'every_year', 'Usually offered every year.'),
  ('cosi142a', 'every_year', 'Usually offered every year.'),
  ('cosi143b', 'every_second_year', 'Usually offered every second year.'),
  ('cosi144b', 'every_year', 'Usually offered every year.'),
  ('cosi146a', 'every_second_year', 'Usually offered every second year.'),
  ('cosi147a', 'every_second_year', 'Usually offered every second year.'),
  ('cosi149b', 'every_second_year', 'Usually offered every second year.'),
  ('cosi150a', 'every_second_year', 'Usually offered every second year.'),
  ('cosi152a', 'every_second_year', 'Usually offered every second year.'),
  ('cosi153a', 'every_second_year', 'Usually offered every second year.'),
  ('cosi159a', 'every_second_year', 'Usually offered every second year.'),
  ('cosi165b', 'every_year', 'Usually offered every year.'),
  ('cosi166b', 'every_year', 'Usually offered every year.'),
  ('cosi167a', 'every_year', 'Usually offered every year.'),
  ('cosi180a', 'every_second_year', 'Usually offered every second year.'),
  ('cosi190a', 'every_second_year', 'Usually offered every second year.');
    

INSERT INTO prerequisites (course_id, prereq_id) VALUES
  ('cosi12b',  'cosi10a'),
  ('cosi101a', 'cosi21a'),
  ('cosi103a', 'cosi12b'),
  ('cosi104a', 'cosi12b'),
  ('cosi106b', 'cosi21a'),
  ('cosi107a', 'cosi12b'),
  ('cosi114a', 'cosi12b'),
  ('cosi115b', 'cosi114a'),
  ('cosi116a', 'cosi12b'),
  ('cosi119a', 'cosi21a'),
  ('cosi120a', 'cosi21a'),
  ('cosi121b', 'cosi21a'),
  ('cosi121b', 'cosi29a'),
  ('cosi123a', 'cosi21a'),
  ('cosi123a', 'cosi104a'),
  ('cosi124a', 'cosi114a'),
  ('cosi125a', 'cosi12b'),
  ('cosi126a', 'cosi21a'),
  ('cosi126a', 'cosi104a'),
  ('cosi127b', 'cosi21a'),
  ('cosi127b', 'cosi29a'),
  ('cosi128a', 'cosi21a'),
  ('cosi130a', 'cosi29a'),
  ('cosi131a', 'cosi21a'),
  ('cosi132a', 'cosi21a'),
  ('cosi136a', 'cosi114a'),
  ('cosi141a', 'cosi131a'),
  ('cosi142a', 'cosi10a'),
  ('cosi142a', 'cosi131a'),
  ('cosi143b', 'cosi21a'),
  ('cosi144b', 'cosi131a'),
  ('cosi146a', 'cosi131a'),
  ('cosi147a', 'cosi131a'),
  ('cosi149b', 'cosi165b'),
  ('cosi150a', 'cosi21a'),
  ('cosi150a', 'cosi29a'),
  ('cosi152a', 'cosi12b'),
  ('cosi159a', 'cosi10a'),
  ('cosi159a', 'cosi104a'),
  ('cosi165b', 'cosi21a'),
  ('cosi165b', 'cosi104a'),
  ('cosi166b', 'cosi21a'),
  ('cosi167a', 'cosi127b'),
  ('cosi180a', 'cosi21a'),
  ('cosi180a', 'cosi29a'),
  ('cosi190a', 'cosi121b');
